{"../../data/fish/00108i_Diff/00108_0001.jpg": [905.7426224052906, 929.3809370994568], "../../data/fish/00108i_Diff/00108_0002.jpg": [907.3581914007664, 928.8793937563896], "../../data/fish/00108i_Diff/00108_0003.jpg": [908.7240132391453, 928.8630335777998], "../../data/fish/00108i_Diff/00108_0004.jpg": [908.6827491484582, 928.1136690229177], "../../data/fish/00108i_Diff/00108_0005.jpg": [910.0519180260599, 928.1830223351717], "../../data/fish/00108i_Diff/00108_0006.jpg": [911.4707303009927, 928.45605699718], "../../data/fish/00108i_Diff/00108_0007.jpg": [915.1691868267953, 928.3885012194514], "../../data/fish/00108i_Diff/00108_0008.jpg": [916.5053470097482, 927.4901298210025], "../../data/fish/00108i_Diff/00108_0009.jpg": [918.3633984290063, 927.4060853421688], "../../data/fish/00108i_Diff/00108_0010.jpg": [921.4839476309717, 925.2141004502773], "../../data/fish/00108i_Diff/00108_0011.jpg": [923.7776900492609, 923.3782695233822], "../../data/fish/00108i_Diff/00108_0012.jpg": [927.4765347205102, 921.503005951643], "../../data/fish/00108i_Diff/00108_0013.jpg": [934.1681736670434, 920.3571294248104], "../../data/fish/00108i_Diff/00108_0014.jpg": [946.9553536139429, 921.9918043315411], "../../data/fish/00108i_Diff/00108_0015.jpg": [966.5613297186792, 919.6516797244549], "../../data/fish/00108i_Diff/00108_0016.jpg": [969.4812797270715, 918.0352899730206], "../../data/fish/00108i_Diff/00108_0017.jpg": [976.8688434325159, 917.6841596364975], "../../data/fish/00108i_Diff/00108_0018.jpg": [985.2963956557214, 915.5341862440109], "../../data/fish/00108i_Diff/00108_0019.jpg": [990.0593436919153, 913.4219564199448], "../../data/fish/00108i_Diff/00108_0020.jpg": [997.387829657644, 911.3019765615463], "../../data/fish/00108i_Diff/00108_0021.jpg": [1003.1628793440759, 910.1228008270264], "../../data/fish/00108i_Diff/00108_0022.jpg": [1008.9707902632654, 909.8835716247559], "../../data/fish/00108i_Diff/00108_0023.jpg": [1014.3480209074914, 908.919261932373], "../../data/fish/00108i_Diff/00108_0024.jpg": [1017.9520746432245, 909.2257512509823], "../../data/fish/00108i_Diff/00108_0025.jpg": [1021.4827004633844, 908.8885186910629], "../../data/fish/00108i_Diff/00108_0026.jpg": [1025.6961637698114, 909.5586193799973], "../../data/fish/00108i_Diff/00108_0027.jpg": [1029.261268015951, 909.3507570177317], "../../data/fish/00108i_Diff/00108_0028.jpg": [1033.544516917318, 909.3411669563502], "../../data/fish/00108i_Diff/00108_0029.jpg": [1035.133454438299, 909.3245266005397], "../../data/fish/00108i_Diff/00108_0030.jpg": [1042.3517972193658, 910.403159789741], "../../data/fish/00108i_Diff/00108_0031.jpg": [1052.4097529612482, 910.7067025229335], "../../data/fish/00108i_Diff/00108_0032.jpg": [1057.566231843084, 910.1431552693248], "../../data/fish/00108i_Diff/00108_0033.jpg": [1063.7768336497247, 908.8398101851344], "../../data/fish/00108i_Diff/00108_0034.jpg": [1065.2680919133127, 909.356618873775], "../../data/fish/00108i_Diff/00108_0035.jpg": [1070.7757351361215, 909.7521703466773], "../../data/fish/00108i_Diff/00108_0036.jpg": [1068.8692015372217, 909.1244948729873], "../../data/fish/00108i_Diff/00108_0037.jpg": [1067.7469520531595, 911.3475526198745], "../../data/fish/00108i_Diff/00108_0038.jpg": [1062.8607282601297, 913.7378497943282]}