{"../../data/fish/frames/00033.00018.jpg": [527.7520265579224, 939.8416295051575], "../../data/fish/frames/00033.00019.jpg": [520.1729984283447, 941.085258603096], "../../data/fish/frames/00033.00020.jpg": [510.1697015762329, 942.9260522127151], "../../data/fish/frames/00033.00021.jpg": [499.7242259979248, 942.326767385006], "../../data/fish/frames/00033.00022.jpg": [490.203311920166, 942.7669127881527], "../../data/fish/frames/00033.00023.jpg": [480.3172082901001, 943.0652169883251], "../../data/fish/frames/00033.00024.jpg": [473.19520473480225, 942.925059825182], "../../data/fish/frames/00034.00000.jpg": [462.4219903945923, 943.0241781175137], "../../data/fish/frames/00034.00001.jpg": [444.8233709335327, 944.333301872015], "../../data/fish/frames/00034.00002.jpg": [437.1469249725342, 946.3163389861584], "../../data/fish/frames/00034.00003.jpg": [437.923990547657, 948.7027139365673], "../../data/fish/frames/00034.00004.jpg": [430.43998032808304, 948.8131774365902], "../../data/fish/frames/00034.00005.jpg": [424.1569531559944, 950.4902209937572], "../../data/fish/frames/00034.00006.jpg": [434.268792450428, 949.888599306345], "../../data/fish/frames/00034.00007.jpg": [440.05241137742996, 951.3768849670887], "../../data/fish/frames/00034.00008.jpg": [454.5642188191414, 952.8493398725986], "../../data/fish/frames/00034.00009.jpg": [467.2235739827156, 953.6934942305088], "../../data/fish/frames/00034.00010.jpg": [470.8476057648659, 952.8030272424221], "../../data/fish/frames/00034.00011.jpg": [482.79826551675797, 955.144255489111], "../../data/fish/frames/00034.00012.jpg": [490.42741829156876, 955.8932312428951], "../../data/fish/frames/00034.00013.jpg": [513.0619912743568, 956.911887973547], "../../data/fish/frames/00034.00014.jpg": [526.6481719613075, 959.3400159776211], "../../data/fish/frames/00034.00015.jpg": [535.9862533211708, 962.30176410079], "../../data/fish/frames/00034.00016.jpg": [544.0351787209511, 966.4411312043667], "../../data/fish/frames/00034.00017.jpg": [554.6669479012489, 970.8467727601528], "../../data/fish/frames/00034.00018.jpg": [567.2759156823158, 973.0871046483517], "../../data/fish/frames/00034.00019.jpg": [584.8707509636879, 975.6733106076717], "../../data/fish/frames/00034.00020.jpg": [596.5500293374062, 976.7892169654369], "../../data/fish/frames/00034.00021.jpg": [606.7287603020668, 977.1781242787838], "../../data/fish/frames/00034.00022.jpg": [618.0731731057167, 974.0776904523373], "../../data/fish/frames/00034.00023.jpg": [623.4624076485634, 966.8895882070065], "../../data/fish/frames/00034.00024.jpg": [628.476310312748, 964.1926353871822], "../../data/fish/frames/00035.00000.jpg": [621.1592364907265, 955.8123405873775], "../../data/fish/frames/00035.00001.jpg": [615.3669982552528, 951.4248784482479], "../../data/fish/frames/00035.00002.jpg": [610.9821205735207, 948.0326741635799], "../../data/fish/frames/00035.00003.jpg": [602.0216236710548, 943.8565600812435], "../../data/fish/frames/00035.00004.jpg": [597.8579426407814, 938.9652846753597], "../../data/fish/frames/00035.00005.jpg": [590.7210651040077, 932.87904343009], "../../data/fish/frames/00035.00006.jpg": [589.8237016201019, 932.240384966135], "../../data/fish/frames/00035.00007.jpg": [589.7408950254321, 930.825519233942], "../../data/fish/frames/00035.00008.jpg": [589.5527681186795, 928.4874214231968], "../../data/fish/frames/00035.00009.jpg": [588.0865142419934, 926.7213721573353], "../../data/fish/frames/00035.00010.jpg": [585.1587524488568, 919.9639282524586], "../../data/fish/frames/00035.00011.jpg": [583.3153077438474, 920.2686282992363], "../../data/fish/frames/00035.00012.jpg": [577.7364713028073, 920.2431139294058], "../../data/fish/frames/00035.00013.jpg": [567.7896443679929, 924.0501999203116], "../../data/fish/frames/00035.00014.jpg": [562.9729157760739, 925.5670911613852], "../../data/fish/frames/00035.00015.jpg": [555.738866455853, 928.6693159881979], "../../data/fish/frames/00035.00016.jpg": [543.1955581977963, 933.4604212585837], "../../data/fish/frames/00035.00017.jpg": [537.0619751289487, 937.1015002075583], "../../data/fish/frames/00035.00018.jpg": [524.1830574348569, 939.3149816337973], "../../data/fish/frames/00035.00019.jpg": [518.7221747711301, 941.1034015957266], "../../data/fish/frames/00035.00020.jpg": [515.8530472591519, 944.0906280819327], "../../data/fish/frames/00035.00021.jpg": [521.4220055416226, 946.5859824959189], "../../data/fish/frames/00035.00022.jpg": [528.7709411457181, 949.1729423347861], "../../data/fish/frames/00035.00023.jpg": [536.8536838367581, 951.5797323528677], "../../data/fish/frames/00035.00024.jpg": [543.3189891651273, 953.0933110062033], "../../data/fish/frames/00036.00000.jpg": [549.6901038959622, 954.5564804617316], "../../data/fish/frames/00036.00001.jpg": [556.0179790332913, 955.3212781492621], "../../data/fish/frames/00036.00002.jpg": [561.0298799350858, 956.3504441324621], "../../data/fish/frames/00036.00003.jpg": [565.9469927623868, 956.4350762683898], "../../data/fish/frames/00036.00004.jpg": [571.0409435108304, 957.3682530838996], "../../data/fish/frames/00036.00005.jpg": [573.8004368618131, 957.5054552573711], "../../data/fish/frames/00036.00006.jpg": [577.3941811397672, 959.3548192996532], "../../data/fish/frames/00036.00007.jpg": [577.8306504264474, 960.6103605050594], "../../data/fish/frames/00036.00008.jpg": [570.9989791885018, 959.0344163198024], "../../data/fish/frames/00036.00009.jpg": [564.9498392120004, 958.8863059151918], "../../data/fish/frames/00036.00010.jpg": [554.2318855300546, 959.9266296494752], "../../data/fish/frames/00036.00011.jpg": [541.6350055709481, 961.082691418007], "../../data/fish/frames/00036.00012.jpg": [530.3973556533456, 962.0869699586183], "../../data/fish/frames/00036.00013.jpg": [511.8255210891366, 963.9569449294358], "../../data/fish/frames/00036.00014.jpg": [499.6495128646493, 966.6783330310136], "../../data/fish/frames/00036.00015.jpg": [491.4542470946908, 968.2214523423463], "../../data/fish/frames/00036.00016.jpg": [483.9711900725961, 968.8751539457589], "../../data/fish/frames/00036.00017.jpg": [471.847714997828, 968.5985335279256], "../../data/fish/frames/00036.00018.jpg": [467.1309433951974, 969.8481921125203], "../../data/fish/frames/00036.00019.jpg": [460.5212384238839, 967.9150147605687], "../../data/fish/frames/00036.00020.jpg": [452.8767357841134, 963.4476704765111], "../../data/fish/frames/00036.00021.jpg": [453.1510243192315, 960.017028586939], "../../data/fish/frames/00036.00022.jpg": [455.27841398864985, 958.7201819587499], "../../data/fish/frames/00036.00023.jpg": [470.32725355774164, 958.6213215459138], "../../data/fish/frames/00036.00024.jpg": [479.13607332855463, 956.9345109332353], "../../data/fish/frames/00037.00000.jpg": [491.4337093606591, 953.562534796074], "../../data/fish/frames/00037.00001.jpg": [516.7094013467431, 948.8185434211046], "../../data/fish/frames/00037.00002.jpg": [533.1850673928857, 949.2256214190274], "../../data/fish/frames/00037.00003.jpg": [558.23695871979, 945.2062031794339], "../../data/fish/frames/00037.00004.jpg": [581.7496616616845, 944.6344028878957], "../../data/fish/frames/00037.00005.jpg": [598.5691864266992, 943.2694612909108], "../../data/fish/frames/00037.00006.jpg": [618.1175148263574, 942.9940147269517], "../../data/fish/frames/00037.00007.jpg": [634.5490906015038, 944.4787622559816]}