{"../../data/fish/00101/00000.00001.jpg": [496.3797883987427, 954.45328104496], "../../data/fish/00101/00000.00002.jpg": [504.1582245826721, 954.0997429490089], "../../data/fish/00101/00000.00003.jpg": [511.53881311416626, 951.5606544613838], "../../data/fish/00101/00000.00004.jpg": [517.8269820213318, 949.9748849272728], "../../data/fish/00101/00000.00005.jpg": [520.917680978775, 948.6790601611137], "../../data/fish/00101/00000.00006.jpg": [525.6367437839508, 944.2135249972343], "../../data/fish/00101/00000.00007.jpg": [526.8918877840042, 939.7704955935478], "../../data/fish/00101/00000.00008.jpg": [524.4147778749466, 936.514225423336], "../../data/fish/00101/00000.00009.jpg": [510.3176099061966, 931.7127851843834], "../../data/fish/00101/00000.00010.jpg": [505.22169840335846, 928.3944308161736], "../../data/fish/00101/00000.00011.jpg": [497.78447210788727, 926.2152990698814], "../../data/fish/00101/00000.00012.jpg": [492.42278015613556, 928.4817413687706], "../../data/fish/00101/00000.00013.jpg": [476.63079941272736, 936.6833671927452], "../../data/fish/00101/00000.00014.jpg": [462.48691284656525, 939.3591687083244], "../../data/fish/00101/00000.00015.jpg": [454.5924025774002, 941.9859990477562], "../../data/fish/00101/00000.00016.jpg": [447.601561665535, 943.8005848526955], "../../data/fish/00101/00000.00017.jpg": [440.9663659334183, 945.8224447369576], "../../data/fish/00101/00000.00018.jpg": [425.8832303285599, 947.9032774567604], "../../data/fish/00101/00000.00019.jpg": [429.66571152210236, 949.3348301053047], "../../data/fish/00101/00000.00020.jpg": [441.0780965089798, 949.8979099392891], "../../data/fish/00101/00000.00021.jpg": [453.443843960762, 951.2369512915611], "../../data/fish/00101/00000.00022.jpg": [464.4485932588577, 953.232216656208], "../../data/fish/00101/00000.00023.jpg": [472.63352501392365, 953.788613319397], "../../data/fish/00101/00000.00024.jpg": [479.467525601387, 953.239452123642], "../../data/fish/00101/00001.00000.jpg": [486.6384674310684, 951.3913983106613], "../../data/fish/00101/00001.00001.jpg": [491.80129873752594, 949.5371010303497], "../../data/fish/00101/00001.00002.jpg": [496.2728878259659, 948.0620263814926], "../../data/fish/00101/00001.00003.jpg": [500.0096296072006, 947.0092875957489], "../../data/fish/00101/00001.00004.jpg": [504.615714430809, 946.5115985274315], "../../data/fish/00101/00001.00005.jpg": [507.86312544345856, 945.4061380028725], "../../data/fish/00101/00001.00006.jpg": [512.0006633996964, 945.7266810536385], "../../data/fish/00101/00001.00007.jpg": [516.1464878320694, 945.7665512003005], "../../data/fish/00101/00001.00008.jpg": [518.854768872261, 945.3912067450583], "../../data/fish/00101/00001.00009.jpg": [522.5268322229385, 945.5611292012036], "../../data/fish/00101/00001.00010.jpg": [524.1759568452835, 945.9280080981553], "../../data/fish/00101/00001.00011.jpg": [525.1961308717728, 947.5663688369095], "../../data/fish/00101/00001.00012.jpg": [528.0752085447311, 948.4796673841774], "../../data/fish/00101/00001.00013.jpg": [530.822144150734, 948.9684951491654], "../../data/fish/00101/00001.00014.jpg": [536.2327734231949, 949.4623584039509], "../../data/fish/00101/00001.00015.jpg": [540.2474390268326, 951.1970794685185]}